{
    "product_url": "http://api.alatest.com/v2/product/al_id/99?format=json&locale=sv_SE",
    "review_url_alternate": "http://alatest.se/redirect/alid/99/?partner_id=46000034",
    "request": "http://api.alatest.com/v2/product/al_id/99/review/user?locale=sv_SE",
    "user_review_count": 10,
    "user_reviews": [
        {
            "source_logo": "http://ii.alatest.com/source/80x40/7/a/lefdal-com-339193790.png",
            "source_review_rating": "100",
            "source_name": "lefdal.com",
            "language": "no_NO",
            "author": "Aka85",
            "source_rating": "25",
            "review_url": "http://alatest.se/redirect/user-reviews/118638187/46000034/",
            "review_pros": "",
            "award": "",
            "award_pic": "",
            "review_verdict": "",
            "flag": "http://ii.alatest.com/css/flags/NO.png",
            "review_title": "Super fin og pefekt til trening",
            "single_review_url": "http://api.alatest.com/v2/review/user/118638187?format=json&locale=sv_SE",
            "source_url": "http://alatest.se/redirect/sources/47000011/46000034/",
            "review_cons": "",
            "review_date": "2013-04-03",
            "review_summary": "Denne veier nesten ingen ting og kommer i masse fine farger. Passer perfekt til trening og du kjenner ikke har du har den med deg. Enkel innfÃ¸ring og egen Nike app til lÃ¸ping ute. Anbefalles! =)",
            "al_id": "99"
        },
        {
            "source_logo": "http://ii.alatest.com/source/80x40/4/9/cnet-com-0.png",
            "source_review_rating": "100",
            "source_name": "cnet.co.uk",
            "language": "en_GB",
            "author": "teobio",
            "source_rating": "94",
            "review_url": "http://alatest.se/redirect/user-reviews/46289796/46000034/",
            "review_pros": "",
            "award": "",
            "award_pic": "",
            "review_verdict": "",
            "flag": "http://ii.alatest.com/css/flags/GB.png",
            "review_title": "Apple iPod nano 7th gen",
            "single_review_url": "http://api.alatest.com/v2/review/user/46289796?format=json&locale=sv_SE",
            "source_url": "http://alatest.se/redirect/sources/244/46000034/",
            "review_cons": "",
            "review_date": "2012-09-14",
            "review_summary": "cool, cute music device",
            "al_id": "99"
        },
        {
            "source_logo": "http://ii.alatest.com/source/80x40/e/5/newegg-com-0.png",
            "source_review_rating": "80",
            "source_name": "newegg.com",
            "language": "en_US",
            "author": "BJD",
            "source_rating": "74",
            "review_url": "http://alatest.se/redirect/user-reviews/155337302/46000034/",
            "review_pros": "Works as advertised. I've had no issues with it even though it's refurbished",
            "award": "",
            "award_pic": "",
            "review_verdict": "",
            "flag": "http://ii.alatest.com/css/flags/US.png",
            "review_title": "Recommended buy!",
            "single_review_url": "http://api.alatest.com/v2/review/user/155337302?format=json&locale=sv_SE",
            "source_url": "http://alatest.se/redirect/sources/1001/46000034/",
            "review_cons": "None",
            "review_date": "2014-07-19",
            "review_summary": "I've been very happy with this product. I've had no issues with it at all. Only drawback is that it's a refurb (so I couldn't give it 5 eggs; but I'm still pleased with it's performance!)",
            "al_id": "99"
        },
        {
            "source_logo": "http://ii.alatest.com/source/80x40/e/8/jr-com-0.png",
            "source_review_rating": "100",
            "source_name": "jr.com",
            "language": "en_US",
            "author": "DV",
            "source_rating": "74",
            "review_url": "http://alatest.se/redirect/user-reviews/115092392/46000034/",
            "review_pros": "Easy To Set Up\",\"Great Sound\",\"Long Battery Life\",\"Lots of Storage\",\"Reliable Performance\",\"Simple Controls\",\"Sleek\\/Compact",
            "award": "",
            "award_pic": "",
            "review_verdict": "",
            "flag": "http://ii.alatest.com/css/flags/US.png",
            "review_title": "A VERY GOOD PRODUCT",
            "single_review_url": "http://api.alatest.com/v2/review/user/115092392?format=json&locale=sv_SE",
            "source_url": "http://alatest.se/redirect/sources/10157/46000034/",
            "review_cons": "Difficult to Set Up\",\"Short Battery Life",
            "review_date": "2014-01-03",
            "review_summary": "A GOOOD PRODUCT OVERALL",
            "al_id": "99"
        },
        {
            "source_logo": "http://ii.alatest.com/source/80x40/e/8/jr-com-0.png",
            "source_review_rating": "100",
            "source_name": "jr.com",
            "language": "en_US",
            "author": "All that Glitters",
            "source_rating": "74",
            "review_url": "http://alatest.se/redirect/user-reviews/115092756/46000034/",
            "review_pros": "Easy To Set Up\",\"Great Sound\",\"Long Battery Life\",\"Lots of Storage\",\"Reliable Performance\",\"Simple Controls\",\"Sleek\\/Compact",
            "award": "",
            "award_pic": "",
            "review_verdict": "",
            "flag": "http://ii.alatest.com/css/flags/US.png",
            "review_title": "No longer \"Running\" out of Music",
            "single_review_url": "http://api.alatest.com/v2/review/user/115092756?format=json&locale=sv_SE",
            "source_url": "http://alatest.se/redirect/sources/10157/46000034/",
            "review_cons": "",
            "review_date": "2014-01-05",
            "review_summary": "I bought the NANO because I have recently started running. It is small and compact unlike my IPOD Touch. It also contains the NIKE app that I can set for distance. Absolutely love it. Can\\'t wait for the weather to break to run outside with it!",
            "al_id": "99"
        },
        {
            "source_logo": "http://ii.alatest.com/source/80x40/e/5/newegg-com-0.png",
            "source_review_rating": "80",
            "source_name": "newegg.com",
            "language": "en_US",
            "author": "Technology Consumer",
            "source_rating": "74",
            "review_url": "http://alatest.se/redirect/user-reviews/50930610/46000034/",
            "review_pros": "The addition of Bluetooth. With the growing ubiquity of affordable Bluetooth capable devices (speakers, A/V components and both built-in and accessory adapters for vehicles), the Bluetooth capability of the 7th generation nano is great in helping...",
            "award": "",
            "award_pic": "",
            "review_verdict": "",
            "flag": "http://ii.alatest.com/css/flags/US.png",
            "review_title": "Close to Nano 5th generation performance",
            "single_review_url": "http://api.alatest.com/v2/review/user/50930610?format=json&locale=sv_SE",
            "source_url": "http://alatest.se/redirect/sources/1001/46000034/",
            "review_cons": "The Apple \"lighting\" connector. This proprietary form-factor replaced Apple's *previous* 30-pin proprietary form-factor connector. So those 5th generation compatible external charging devices? You won't be using them to power your newest iPod. Too bad...",
            "review_date": "2013-09-23",
            "review_summary": "The iPod Nano 7th generation offers a mix of features and design changes that I feel make it a worthy replacement for 5th generation users...but it's not a slam-dunk total improvement. What's better: -The addition of Bluetooth. With the growing...",
            "al_id": "99"
        },
        {
            "source_logo": "http://ii.alatest.com/source/80x40/e/5/newegg-com-0.png",
            "source_review_rating": "20",
            "source_name": "newegg.com",
            "language": "en_US",
            "author": "N/A",
            "source_rating": "74",
            "review_url": "http://alatest.se/redirect/user-reviews/50666239/46000034/",
            "review_pros": "It's an ipod - but see below",
            "award": "",
            "award_pic": "",
            "review_verdict": "",
            "flag": "http://ii.alatest.com/css/flags/US.png",
            "review_title": "Refurbished!!",
            "single_review_url": "http://api.alatest.com/v2/review/user/50666239?format=json&locale=sv_SE",
            "source_url": "http://alatest.se/redirect/sources/1001/46000034/",
            "review_cons": "I ordered this at a higher price than you can get it at big box retailers because I love Newegg and it's convenient and fast. However, when I got the iPod it came from a reseller called ElectroBrands (which is fine) but it's refurbished, and not...",
            "review_date": "2013-08-29",
            "review_summary": "",
            "al_id": "99"
        },
        {
            "source_logo": "http://ii.alatest.com/source/80x40/e/8/jr-com-0.png",
            "source_review_rating": "100",
            "source_name": "jr.com",
            "language": "en_US",
            "author": "Crazy Peta Fekete",
            "source_rating": "74",
            "review_url": "http://alatest.se/redirect/user-reviews/50691014/46000034/",
            "review_pros": "Easy To Set Up\",\"Great Sound\",\"Lots of Storage\",\"Reliable Performance\",\"Simple Controls\",\"Sleek\\/Compact",
            "award": "",
            "award_pic": "",
            "review_verdict": "",
            "flag": "http://ii.alatest.com/css/flags/US.png",
            "review_title": "AMAZING!!!!",
            "single_review_url": "http://api.alatest.com/v2/review/user/50691014?format=json&locale=sv_SE",
            "source_url": "http://alatest.se/redirect/sources/10157/46000034/",
            "review_cons": "Short Battery Life",
            "review_date": "2013-07-20",
            "review_summary": "The only real issue i have with it is that i can not plug it into any machines at my gym, My old iPod was able to Plug into the exercise machines at the gym But this one does not have that available. That is only a minor problem thought! I love it...",
            "al_id": "99"
        },
        {
            "source_logo": "http://ii.alatest.com/source/80x40/e/8/jr-com-0.png",
            "source_review_rating": "80",
            "source_name": "jr.com",
            "language": "en_US",
            "author": "Big Oakie",
            "source_rating": "74",
            "review_url": "http://alatest.se/redirect/user-reviews/50690379/46000034/",
            "review_pros": "Easy To Set Up\",\"Great Sound\",\"Lots of Storage\",\"Reliable Performance",
            "award": "",
            "award_pic": "",
            "review_verdict": "",
            "flag": "http://ii.alatest.com/css/flags/US.png",
            "review_title": "Apple continues its excellence",
            "single_review_url": "http://api.alatest.com/v2/review/user/50690379?format=json&locale=sv_SE",
            "source_url": "http://alatest.se/redirect/sources/10157/46000034/",
            "review_cons": "",
            "review_date": "2013-06-19",
            "review_summary": "Very user friendly.",
            "al_id": "99"
        },
        {
            "source_logo": "http://ii.alatest.com/source/80x40/e/5/newegg-com-0.png",
            "source_review_rating": "20",
            "source_name": "newegg.com",
            "language": "en_US",
            "author": "N/A",
            "source_rating": "74",
            "review_url": "http://alatest.se/redirect/user-reviews/49734819/46000034/",
            "review_pros": "Play music",
            "award": "",
            "award_pic": "",
            "review_verdict": "",
            "flag": "http://ii.alatest.com/css/flags/US.png",
            "review_title": "Rip Off",
            "single_review_url": "http://api.alatest.com/v2/review/user/49734819?format=json&locale=sv_SE",
            "source_url": "http://alatest.se/redirect/sources/1001/46000034/",
            "review_cons": "Not worth, I bought a Sony 8G MP3 player with the price of $50. I thought this one is better than Sony with such a high price tag, however after compared usage, see no difference. Then why tagged such a high price? Not make sense",
            "review_date": "2013-05-23",
            "review_summary": "",
            "al_id": "99"
        }
    ]
}